{"cameraMode":{"drawMode":0,"name":"Shaded","section":"Shading Mode"},"sceneLighting":true,"audioPlay":false,"sceneViewState":{"m_AlwaysRefresh":false,"showFog":true,"showSkybox":true,"showFlares":true,"showImageEffects":true,"showParticleSystems":true,"showVisualEffectGraphs":true,"m_FxEnabled":true},"in2DMode":false,"pivot":{"x":108.15059661865235,"y":8.115745544433594,"z":-22.878768920898439},"rotation":{"x":0.20481573045253755,"y":-0.08164253830909729,"z":0.017153313383460046,"w":0.9752782583236694},"size":0.8660253882408142,"orthographic":false}