{"cameraMode":{"drawMode":0,"name":"Shaded","section":"Shading Mode"},"sceneLighting":true,"audioPlay":false,"sceneViewState":{"m_AlwaysRefresh":false,"showFog":true,"showSkybox":true,"showFlares":true,"showImageEffects":true,"showParticleSystems":true,"showVisualEffectGraphs":true,"m_FxEnabled":true},"in2DMode":false,"pivot":{"x":115.80809020996094,"y":-0.8440264463424683,"z":79.24452209472656},"rotation":{"x":0.1266784518957138,"y":0.08618971705436707,"z":-0.011028549633920193,"w":0.988150954246521},"size":15.704535484313965,"orthographic":false}