{"cameraMode":{"drawMode":0,"name":"Shaded","section":"Shading Mode"},"sceneLighting":true,"audioPlay":false,"sceneViewState":{"m_AlwaysRefresh":false,"showFog":true,"showSkybox":true,"showFlares":true,"showImageEffects":true,"showParticleSystems":true,"showVisualEffectGraphs":true,"m_FxEnabled":true},"in2DMode":false,"pivot":{"x":28.207197189331056,"y":-2.997133255004883,"z":25.74624252319336},"rotation":{"x":0.023812895640730859,"y":0.48958149552345278,"z":-0.013364559039473534,"w":0.8715490698814392},"size":15.835394859313965,"orthographic":false}